<?xml version="1.0" encoding="UTF-8"?>
<configuration>
    <!--<include resource="org/springframework/boot/logging/logback/base.xml"/>-->
    <!--   <property name="LOG_PATH" value="C:/Users/ceix/Desktop/logs"/>   -->
    <property name="LOG_PATH" value="/opt/spring/logs"/>

    <appender name="STDOUT" class="ch.qos.logback.core.ConsoleAppender">
        <encoder>
            <pattern>
                %d{dd-MM-yyyy HH:mm:ss.SSS} %magenta([%thread]) %highlight(%-5level) %logger.%M - %msg%n
            </pattern>
        </encoder>
    </appender>

    <appender name="SAVE-TO-FILE"
              class="ch.qos.logback.core.rolling.RollingFileAppender">
        <file>${LOG_PATH}/log.log</file>
        <encoder class="ch.qos.logback.classic.encoder.PatternLayoutEncoder">
            <Pattern>
                %d{dd-MM-yyyy HH:mm:ss.SSS} [%thread] %-5level %logger{36}.%M - %msg%n
            </Pattern>
        </encoder>

        <rollingPolicy class="ch.qos.logback.core.rolling.FixedWindowRollingPolicy">
            <fileNamePattern>
                ${LOG_PATH}/log_%i.log
            </fileNamePattern>
            <minIndex>2</minIndex>
            <maxIndex>10</maxIndex>
        </rollingPolicy>

        <triggeringPolicy class="ch.qos.logback.core.rolling.SizeBasedTriggeringPolicy">
            <!-- rollover on size-->
            <maxFileSize>10MB</maxFileSize>
        </triggeringPolicy>

    </appender>

    <!--<root level="debug">-->
    <root level="INFO">
        <appender-ref ref="STDOUT"/>
        <appender-ref ref="SAVE-TO-FILE"/>
    </root>

</configuration>